observer,trial,times,events,block
9,1,1179,dotRemoved,1
9,1,1664,targOn,1
9,1,1719,targOff,1
9,2,1258,dotRemoved,1
9,2,1580,targOn,1
9,2,1634,targOff,1
9,3,1092,dotRemoved,1
9,3,2989,targOn,1
9,3,3050,targOff,1
9,5,925,dotRemoved,1
9,5,1405,targOn,1
9,5,1451,targOff,1
9,6,1092,dotRemoved,1
9,6,1825,targOn,1
9,6,1867,targOff,1
9,7,1092,dotRemoved,1
9,7,1571,targOn,1
9,7,1617,targOff,1
9,9,1176,dotRemoved,1
9,9,1657,targOn,1
9,9,1717,targOff,1
9,11,925,dotRemoved,1
9,11,1403,targOn,1
9,11,1450,targOff,1
9,12,1092,dotRemoved,1
9,12,1492,targOn,1
9,12,1533,targOff,1
9,13,837,dotRemoved,1
9,13,1167,targOn,1
9,13,1212,targOff,1
9,14,837,dotRemoved,1
9,14,1162,targOn,1
9,14,1212,targOff,1
9,15,1175,dotRemoved,1
9,15,1576,targOn,1
9,15,1633,targOff,1
9,16,925,dotRemoved,1
9,16,1251,targOn,1
9,16,1300,targOff,1
9,17,842,dotRemoved,1
9,17,1236,targOn,1
9,17,1300,targOff,1
9,19,926,dotRemoved,1
9,19,1253,targOn,1
9,19,1301,targOff,1
9,20,1175,dotRemoved,1
9,20,1580,targOn,1
9,20,1633,targOff,1
9,22,925,dotRemoved,1
9,22,1254,targOn,1
9,22,1300,targOff,1
9,23,1004,dotRemoved,1
9,23,1407,targOn,1
9,23,1462,targOff,1
9,24,925,dotRemoved,1
9,24,1411,targOn,1
9,24,1466,targOff,1
9,25,1092,dotRemoved,1
9,25,1496,targOn,1
9,25,1550,targOff,1
9,26,1009,dotRemoved,1
9,26,1411,targOn,1
9,26,1467,targOff,1
9,27,842,dotRemoved,1
9,27,1248,targOn,1
9,27,1300,targOff,1
9,28,841,dotRemoved,1
9,28,1171,targOn,1
9,28,1216,targOff,1
9,30,838,dotRemoved,1
9,30,1248,targOn,1
9,30,1296,targOff,1
9,31,1087,dotRemoved,1
9,31,1415,targOn,1
9,31,1462,targOff,1
9,32,1092,dotRemoved,1
9,32,1429,targOn,1
9,32,1484,targOff,1
9,33,1089,dotRemoved,1
9,33,1415,targOn,1
9,33,1464,targOff,1
9,34,1175,dotRemoved,1
9,34,1581,targOn,1
9,34,1633,targOff,1
9,35,1008,dotRemoved,1
9,35,1345,targOn,1
9,35,1400,targOff,1
9,36,1008,dotRemoved,1
9,36,1410,targOn,1
9,36,1466,targOff,1
9,1,834,dotRemoved,2
9,1,1162,targOn,2
9,1,1217,targOff,2
9,2,1251,dotRemoved,2
9,2,1576,targOn,2
9,2,1617,targOff,2
9,3,1082,dotRemoved,2
9,3,1410,targOn,2
9,3,1465,targOff,2
9,4,1167,dotRemoved,2
9,4,1492,targOn,2
9,4,1533,targOff,2
9,5,918,dotRemoved,2
9,5,1250,targOn,2
9,5,1300,targOff,2
9,6,1168,dotRemoved,2
9,6,1495,targOn,2
9,6,1551,targOff,2
9,7,1167,dotRemoved,2
9,7,1496,targOn,2
9,7,1550,targOff,2
9,8,1084,dotRemoved,2
9,8,1412,targOn,2
9,8,1467,targOff,2
9,9,1084,dotRemoved,2
9,9,1412,targOn,2
9,9,1467,targOff,2
9,10,1083,dotRemoved,2
9,10,1412,targOn,2
9,10,1466,targOff,2
9,11,1001,dotRemoved,2
9,11,1331,targOn,2
9,11,1384,targOff,2
9,12,1167,dotRemoved,2
9,12,1498,targOn,2
9,12,1550,targOff,2
9,13,1167,dotRemoved,2
9,13,1496,targOn,2
9,13,1550,targOff,2
9,15,1168,dotRemoved,2
9,15,1492,targOn,2
9,15,1534,targOff,2
9,16,1001,dotRemoved,2
9,16,1333,targOn,2
9,16,1383,targOff,2
9,17,917,dotRemoved,2
9,17,1245,targOn,2
9,17,1300,targOff,2
9,18,1250,dotRemoved,2
9,18,1582,targOn,2
9,18,1633,targOff,2
9,19,1251,dotRemoved,2
9,19,1579,targOn,2
9,19,1634,targOff,2
9,20,1000,dotRemoved,2
9,20,1324,targOn,2
9,20,1383,targOff,2
9,21,1084,dotRemoved,2
9,21,1412,targOn,2
9,21,1467,targOff,2
9,22,1251,dotRemoved,2
9,22,1581,targOn,2
9,22,1634,targOff,2
9,23,917,dotRemoved,2
9,23,1244,targOn,2
9,23,1300,targOff,2
9,24,918,dotRemoved,2
9,24,1246,targOn,2
9,24,1300,targOff,2
9,25,1251,dotRemoved,2
9,25,1578,targOn,2
9,25,1634,targOff,2
9,26,834,dotRemoved,2
9,26,1169,targOn,2
9,26,1216,targOff,2
9,27,1167,dotRemoved,2
9,27,1498,targOn,2
9,27,1550,targOff,2
9,28,1250,dotRemoved,2
9,28,1584,targOn,2
9,28,1633,targOff,2
9,30,1084,dotRemoved,2
9,30,1410,targOn,2
9,30,1451,targOff,2
9,31,1167,dotRemoved,2
9,31,1496,targOn,2
9,31,1550,targOff,2
9,32,1084,dotRemoved,2
9,32,1413,targOn,2
9,32,1467,targOff,2
9,34,1001,dotRemoved,2
9,34,1330,targOn,2
9,34,1384,targOff,2
9,36,1250,dotRemoved,2
9,36,1580,targOn,2
9,36,1633,targOff,2
9,1,925,dotRemoved,3
9,1,1252,targOn,3
9,1,1300,targOff,3
9,2,842,dotRemoved,3
9,2,1173,targOn,3
9,2,1217,targOff,3
9,4,842,dotRemoved,3
9,4,1168,targOn,3
9,4,1217,targOff,3
9,5,922,dotRemoved,3
9,5,1248,targOn,3
9,5,1298,targOff,3
9,6,1258,dotRemoved,3
9,6,3172,targOn,3
9,6,3217,targOff,3
9,7,841,dotRemoved,3
9,7,2746,targOn,3
9,7,2800,targOff,3
9,9,1255,dotRemoved,3
9,9,1826,targOn,3
9,9,1880,targOff,3
9,10,1008,dotRemoved,3
9,10,1572,targOn,3
9,10,1616,targOff,3
9,11,1008,dotRemoved,3
9,11,1582,targOn,3
9,11,1633,targOff,3
9,12,1176,dotRemoved,3
9,12,1658,targOn,3
9,12,1701,targOff,3
9,13,1259,dotRemoved,3
9,13,1745,targOn,3
9,13,1800,targOff,3
9,14,1176,dotRemoved,3
9,14,1583,targOn,3
9,14,1651,targOff,3
9,15,1258,dotRemoved,3
9,15,1661,targOn,3
9,15,1717,targOff,3
9,16,925,dotRemoved,3
9,16,1333,targOn,3
9,16,1385,targOff,3
9,17,925,dotRemoved,3
9,17,1330,targOn,3
9,17,1383,targOff,3
9,18,1259,dotRemoved,3
9,18,1592,targOn,3
9,18,1634,targOff,3
9,20,1092,dotRemoved,3
9,20,1418,targOn,3
9,20,1467,targOff,3
9,21,1008,dotRemoved,3
9,21,1336,targOn,3
9,21,1384,targOff,3
9,22,1259,dotRemoved,3
9,22,1660,targOn,3
9,22,1700,targOff,3
9,23,925,dotRemoved,3
9,23,1257,targOn,3
9,23,1300,targOff,3
9,24,1258,dotRemoved,3
9,24,1660,targOn,3
9,24,1717,targOff,3
9,25,1088,dotRemoved,3
9,25,1416,targOn,3
9,25,1463,targOff,3
9,27,1259,dotRemoved,3
9,27,1588,targOn,3
9,27,1634,targOff,3
9,28,1175,dotRemoved,3
9,28,1580,targOn,3
9,28,1634,targOff,3
9,29,1009,dotRemoved,3
9,29,1341,targOn,3
9,29,1383,targOff,3
9,30,925,dotRemoved,3
9,30,1324,targOn,3
9,30,1367,targOff,3
9,31,925,dotRemoved,3
9,31,1268,targOn,3
9,31,1317,targOff,3
9,33,839,dotRemoved,3
9,33,1164,targOn,3
9,33,1214,targOff,3
9,34,1170,dotRemoved,3
9,34,1501,targOn,3
9,34,1545,targOff,3
9,35,842,dotRemoved,3
9,35,1253,targOn,3
9,35,1300,targOff,3
9,36,841,dotRemoved,3
9,36,1169,targOn,3
9,36,1216,targOff,3
9,1,1168,dotRemoved,4
9,1,1492,targOn,4
9,1,1534,targOff,4
9,2,917,dotRemoved,4
9,2,1248,targOn,4
9,2,1300,targOff,4
9,3,834,dotRemoved,4
9,3,1162,targOn,4
9,3,1217,targOff,4
9,4,1251,dotRemoved,4
9,4,1581,targOn,4
9,4,1634,targOff,4
9,5,1168,dotRemoved,4
9,5,1496,targOn,4
9,5,1551,targOff,4
9,6,918,dotRemoved,4
9,6,1248,targOn,4
9,6,1301,targOff,4
9,7,834,dotRemoved,4
9,7,1178,targOn,4
9,7,1233,targOff,4
9,8,1251,dotRemoved,4
9,8,1580,targOn,4
9,8,1634,targOff,4
9,9,1083,dotRemoved,4
9,9,1418,targOn,4
9,9,1466,targOff,4
9,10,1084,dotRemoved,4
9,10,1410,targOn,4
9,10,1467,targOff,4
9,11,1000,dotRemoved,4
9,11,1332,targOn,4
9,11,1383,targOff,4
9,12,1250,dotRemoved,4
9,12,1579,targOn,4
9,12,1633,targOff,4
9,13,917,dotRemoved,4
9,13,1247,targOn,4
9,13,1300,targOff,4
9,14,833,dotRemoved,4
9,14,1164,targOn,4
9,14,1217,targOff,4
9,15,1000,dotRemoved,4
9,15,1332,targOn,4
9,15,1383,targOff,4
9,16,1001,dotRemoved,4
9,16,1336,targOn,4
9,16,1384,targOff,4
9,17,1084,dotRemoved,4
9,17,1414,targOn,4
9,17,1467,targOff,4
9,18,1167,dotRemoved,4
9,18,1507,targOn,4
9,18,1550,targOff,4
9,19,918,dotRemoved,4
9,19,1268,targOn,4
9,19,1317,targOff,4
9,20,917,dotRemoved,4
9,20,1247,targOn,4
9,20,1300,targOff,4
9,21,1167,dotRemoved,4
9,21,1494,targOn,4
9,21,1550,targOff,4
9,22,834,dotRemoved,4
9,22,1160,targOn,4
9,22,1217,targOff,4
9,23,1250,dotRemoved,4
9,23,1584,targOn,4
9,23,1633,targOff,4
9,24,918,dotRemoved,4
9,24,1249,targOn,4
9,24,1301,targOff,4
9,25,1084,dotRemoved,4
9,25,1414,targOn,4
9,25,1467,targOff,4
9,26,1251,dotRemoved,4
9,26,1579,targOn,4
9,26,1633,targOff,4
9,27,1167,dotRemoved,4
9,27,1498,targOn,4
9,27,1551,targOff,4
9,28,1167,dotRemoved,4
9,28,1496,targOn,4
9,28,1550,targOff,4
9,29,1000,dotRemoved,4
9,29,1341,targOn,4
9,29,1383,targOff,4
9,30,1168,dotRemoved,4
9,30,1500,targOn,4
9,30,1550,targOff,4
9,32,1251,dotRemoved,4
9,32,1579,targOn,4
9,32,1634,targOff,4
9,33,1001,dotRemoved,4
9,33,1332,targOn,4
9,33,1384,targOff,4
9,34,1000,dotRemoved,4
9,34,1327,targOn,4
9,34,1383,targOff,4
9,35,1250,dotRemoved,4
9,35,1581,targOn,4
9,35,1633,targOff,4
9,36,1001,dotRemoved,4
9,36,1329,targOn,4
9,36,1383,targOff,4
9,1,1258,dotRemoved,5
9,1,1586,targOn,5
9,1,1633,targOff,5
9,2,925,dotRemoved,5
9,2,2831,targOn,5
9,2,2883,targOff,5
9,3,842,dotRemoved,5
9,3,2751,targOn,5
9,3,2801,targOff,5
9,5,842,dotRemoved,5
9,5,1335,targOn,5
9,5,1384,targOff,5
9,6,925,dotRemoved,5
9,6,1411,targOn,5
9,6,1466,targOff,5
9,7,1253,dotRemoved,5
9,7,1740,targOn,5
9,7,1795,targOff,5
9,8,1259,dotRemoved,5
9,8,1744,targOn,5
9,8,1801,targOff,5
9,9,1259,dotRemoved,5
9,9,1665,targOn,5
9,9,1717,targOff,5
9,10,1092,dotRemoved,5
9,10,1495,targOn,5
9,10,1550,targOff,5
9,11,920,dotRemoved,5
9,11,1250,targOn,5
9,11,1296,targOff,5
9,12,1259,dotRemoved,5
9,12,1663,targOn,5
9,12,1717,targOff,5
9,13,1175,dotRemoved,5
9,13,1508,targOn,5
9,13,1566,targOff,5
9,15,1259,dotRemoved,5
9,15,1665,targOn,5
9,15,1717,targOff,5
9,16,925,dotRemoved,5
9,16,1333,targOn,5
9,16,1383,targOff,5
9,17,842,dotRemoved,5
9,17,1246,targOn,5
9,17,1300,targOff,5
9,18,1254,dotRemoved,5
9,18,1658,targOn,5
9,18,1712,targOff,5
9,19,1259,dotRemoved,5
9,19,1588,targOn,5
9,19,1634,targOff,5
9,20,1008,dotRemoved,5
9,20,1348,targOn,5
9,20,1399,targOff,5
9,21,1010,dotRemoved,5
9,21,1433,targOn,5
9,21,1500,targOff,5
9,22,842,dotRemoved,5
9,22,1172,targOn,5
9,22,1217,targOff,5
9,24,1092,dotRemoved,5
9,24,1499,targOn,5
9,24,1550,targOff,5
9,25,1008,dotRemoved,5
9,25,1412,targOn,5
9,25,1466,targOff,5
9,26,1259,dotRemoved,5
9,26,1664,targOn,5
9,26,1717,targOff,5
9,27,1258,dotRemoved,5
9,27,1589,targOn,5
9,27,1633,targOff,5
9,28,1258,dotRemoved,5
9,28,1662,targOn,5
9,28,1717,targOff,5
9,29,926,dotRemoved,5
9,29,1260,targOn,5
9,29,1301,targOff,5
9,30,1092,dotRemoved,5
9,30,1500,targOn,5
9,30,1550,targOff,5
9,31,1008,dotRemoved,5
9,31,1349,targOn,5
9,31,1400,targOff,5
9,33,923,dotRemoved,5
9,33,1335,targOn,5
9,33,1381,targOff,5
9,34,1004,dotRemoved,5
9,34,1340,targOn,5
9,34,1396,targOff,5
9,36,1004,dotRemoved,5
9,36,1408,targOn,5
9,36,1463,targOff,5
9,1,1001,dotRemoved,6
9,1,1338,targOn,6
9,1,1383,targOff,6
9,2,1001,dotRemoved,6
9,2,1332,targOn,6
9,2,1384,targOff,6
9,3,917,dotRemoved,6
9,3,1247,targOn,6
9,3,1301,targOff,6
9,4,1251,dotRemoved,6
9,4,1580,targOn,6
9,4,1633,targOff,6
9,5,917,dotRemoved,6
9,5,1250,targOn,6
9,5,1300,targOff,6
9,7,917,dotRemoved,6
9,7,1245,targOn,6
9,7,1300,targOff,6
9,8,1250,dotRemoved,6
9,8,1588,targOn,6
9,8,1633,targOff,6
9,9,1001,dotRemoved,6
9,9,1330,targOn,6
9,9,1384,targOff,6
9,11,1168,dotRemoved,6
9,11,1506,targOn,6
9,11,1551,targOff,6
9,12,1084,dotRemoved,6
9,12,1421,targOn,6
9,12,1467,targOff,6
9,13,1083,dotRemoved,6
9,13,1415,targOn,6
9,13,1466,targOff,6
9,14,917,dotRemoved,6
9,14,1243,targOn,6
9,14,1300,targOff,6
9,15,1084,dotRemoved,6
9,15,1415,targOn,6
9,15,1467,targOff,6
9,16,1084,dotRemoved,6
9,16,1416,targOn,6
9,16,1467,targOff,6
9,17,1251,dotRemoved,6
9,17,1582,targOn,6
9,17,1633,targOff,6
9,19,1168,dotRemoved,6
9,19,1505,targOn,6
9,19,1550,targOff,6
9,20,1084,dotRemoved,6
9,20,1414,targOn,6
9,20,1467,targOff,6
9,21,834,dotRemoved,6
9,21,1174,targOn,6
9,21,1217,targOff,6
9,22,917,dotRemoved,6
9,22,1254,targOn,6
9,22,1300,targOff,6
9,23,1168,dotRemoved,6
9,23,1504,targOn,6
9,23,1567,targOff,6
9,24,1084,dotRemoved,6
9,24,1422,targOn,6
9,24,1467,targOff,6
9,25,1085,dotRemoved,6
9,25,1415,targOn,6
9,25,1468,targOff,6
9,26,1250,dotRemoved,6
9,26,1586,targOn,6
9,26,1633,targOff,6
9,27,1251,dotRemoved,6
9,27,1588,targOn,6
9,27,1634,targOff,6
9,28,917,dotRemoved,6
9,28,1256,targOn,6
9,28,1299,targOff,6
9,29,834,dotRemoved,6
9,29,1173,targOn,6
9,29,1217,targOff,6
9,30,1084,dotRemoved,6
9,30,1416,targOn,6
9,30,1467,targOff,6
9,31,1167,dotRemoved,6
9,31,1498,targOn,6
9,31,1550,targOff,6
9,33,1250,dotRemoved,6
9,33,1589,targOn,6
9,33,1633,targOff,6
9,34,1250,dotRemoved,6
9,34,1581,targOn,6
9,34,1633,targOff,6
9,35,1084,dotRemoved,6
9,35,1419,targOn,6
9,35,1467,targOff,6
9,36,1001,dotRemoved,6
9,36,1332,targOn,6
9,36,1384,targOff,6
9,1,1176,dotRemoved,7
9,1,1513,targOn,7
9,1,1567,targOff,7
9,2,1175,dotRemoved,7
9,2,3081,targOn,7
9,2,3134,targOff,7
9,3,1008,dotRemoved,7
9,3,2912,targOn,7
9,3,2967,targOff,7
9,5,1258,dotRemoved,7
9,5,1754,targOn,7
9,5,1800,targOff,7
9,6,1176,dotRemoved,7
9,6,1671,targOn,7
9,6,1717,targOff,7
9,7,842,dotRemoved,7
9,7,1340,targOn,7
9,7,1383,targOff,7
9,8,925,dotRemoved,7
9,8,1329,targOn,7
9,8,1383,targOff,7
9,9,842,dotRemoved,7
9,9,1181,targOn,7
9,9,1233,targOff,7
9,10,1258,dotRemoved,7
9,10,1664,targOn,7
9,10,1716,targOff,7
9,12,1258,dotRemoved,7
9,12,1596,targOn,7
9,12,1650,targOff,7
9,13,839,dotRemoved,7
9,13,1244,targOn,7
9,13,1297,targOff,7
9,14,1259,dotRemoved,7
9,14,1590,targOn,7
9,14,1634,targOff,7
9,15,842,dotRemoved,7
9,15,1246,targOn,7
9,15,1300,targOff,7
9,16,841,dotRemoved,7
9,16,1171,targOn,7
9,16,1217,targOff,7
9,18,1171,dotRemoved,7
9,18,1585,targOn,7
9,18,1629,targOff,7
9,19,842,dotRemoved,7
9,19,1174,targOn,7
9,19,1217,targOff,7
9,20,1092,dotRemoved,7
9,20,1431,targOn,7
9,20,1484,targOff,7
9,21,1008,dotRemoved,7
9,21,1412,targOn,7
9,21,1466,targOff,7
9,23,1092,dotRemoved,7
9,23,1421,targOn,7
9,23,1467,targOff,7
9,24,921,dotRemoved,7
9,24,1325,targOn,7
9,24,1379,targOff,7
9,25,926,dotRemoved,7
9,25,1259,targOn,7
9,25,1301,targOff,7
9,26,1175,dotRemoved,7
9,26,1587,targOn,7
9,26,1638,targOff,7
9,27,1175,dotRemoved,7
9,27,1501,targOn,7
9,27,1550,targOff,7
9,29,1258,dotRemoved,7
9,29,1661,targOn,7
9,29,1716,targOff,7
9,30,1175,dotRemoved,7
9,30,1505,targOn,7
9,30,1550,targOff,7
9,31,1258,dotRemoved,7
9,31,1589,targOn,7
9,31,1633,targOff,7
9,33,1259,dotRemoved,7
9,33,1661,targOn,7
9,33,1717,targOff,7
9,34,842,dotRemoved,7
9,34,1176,targOn,7
9,34,1234,targOff,7
9,35,1092,dotRemoved,7
9,35,1494,targOn,7
9,35,1550,targOff,7
9,36,1175,dotRemoved,7
9,36,1508,targOn,7
9,36,1550,targOff,7
9,1,1167,dotRemoved,8
9,1,1585,targOn,8
9,1,1633,targOff,8
9,2,831,dotRemoved,8
9,2,1249,targOn,8
9,2,1298,targOff,8
9,3,834,dotRemoved,8
9,3,1245,targOn,8
9,3,1300,targOff,8
9,4,834,dotRemoved,8
9,4,1253,targOn,8
9,4,1300,targOff,8
9,5,1250,dotRemoved,8
9,5,1664,targOn,8
9,5,1717,targOff,8
9,6,1250,dotRemoved,8
9,6,1668,targOn,8
9,6,1716,targOff,8
9,7,1000,dotRemoved,8
9,7,1415,targOn,8
9,7,1466,targOff,8
9,8,833,dotRemoved,8
9,8,1246,targOn,8
9,8,1300,targOff,8
9,9,1083,dotRemoved,8
9,9,1501,targOn,8
9,9,1551,targOff,8
9,10,1167,dotRemoved,8
9,10,1580,targOn,8
9,10,1633,targOff,8
9,11,1001,dotRemoved,8
9,11,1418,targOn,8
9,11,1484,targOff,8
9,12,917,dotRemoved,8
9,12,1330,targOn,8
9,12,1384,targOff,8
9,13,1001,dotRemoved,8
9,13,1414,targOn,8
9,13,1467,targOff,8
9,14,834,dotRemoved,8
9,14,1253,targOn,8
9,14,1300,targOff,8
9,15,1000,dotRemoved,8
9,15,1417,targOn,8
9,15,1467,targOff,8
9,17,1167,dotRemoved,8
9,17,1582,targOn,8
9,17,1633,targOff,8
9,18,1250,dotRemoved,8
9,18,1671,targOn,8
9,18,1716,targOff,8
9,19,1251,dotRemoved,8
9,19,1666,targOn,8
9,19,1717,targOff,8
9,21,918,dotRemoved,8
9,21,1339,targOn,8
9,21,1385,targOff,8
9,22,1084,dotRemoved,8
9,22,1501,targOn,8
9,22,1550,targOff,8
9,23,1250,dotRemoved,8
9,23,1665,targOn,8
9,23,1716,targOff,8
9,25,1166,dotRemoved,8
9,25,1580,targOn,8
9,25,1633,targOff,8
9,26,1250,dotRemoved,8
9,26,1664,targOn,8
9,26,1717,targOff,8
9,27,1001,dotRemoved,8
9,27,1412,targOn,8
9,27,1466,targOff,8
9,29,1000,dotRemoved,8
9,29,1420,targOn,8
9,29,1466,targOff,8
9,31,917,dotRemoved,8
9,31,1334,targOn,8
9,31,1384,targOff,8
9,32,1168,dotRemoved,8
9,32,1580,targOn,8
9,32,1634,targOff,8
9,34,918,dotRemoved,8
9,34,1332,targOn,8
9,34,1384,targOff,8
9,35,1001,dotRemoved,8
9,35,1418,targOn,8
9,35,1467,targOff,8
9,1,1092,dotRemoved,9
9,1,1506,targOn,9
9,1,1550,targOff,9
9,2,925,dotRemoved,9
9,2,1254,targOn,9
9,2,1300,targOff,9
9,3,925,dotRemoved,9
9,3,2831,targOn,9
9,3,2884,targOff,9
9,5,1008,dotRemoved,9
9,5,1664,targOn,9
9,5,1717,targOff,9
9,6,925,dotRemoved,9
9,6,1505,targOn,9
9,6,1550,targOff,9
9,7,1091,dotRemoved,9
9,7,1682,targOn,9
9,7,1733,targOff,9
9,9,1091,dotRemoved,9
9,9,1582,targOn,9
9,9,1633,targOff,9
9,10,845,dotRemoved,9
9,10,1349,targOn,9
9,10,1401,targOff,9
9,11,1092,dotRemoved,9
9,11,1506,targOn,9
9,11,1550,targOff,9
9,12,921,dotRemoved,9
9,12,1336,targOn,9
9,12,1379,targOff,9
9,13,1258,dotRemoved,9
9,13,1593,targOn,9
9,13,1650,targOff,9
9,15,1258,dotRemoved,9
9,15,1683,targOn,9
9,15,1733,targOff,9
9,16,1175,dotRemoved,9
9,16,1582,targOn,9
9,16,1633,targOff,9
9,17,1090,dotRemoved,9
9,17,1430,targOn,9
9,17,1481,targOff,9
9,20,1175,dotRemoved,9
9,20,1523,targOn,9
9,20,1567,targOff,9
9,21,1009,dotRemoved,9
9,21,1416,targOn,9
9,21,1467,targOff,9
9,22,1093,dotRemoved,9
9,22,1425,targOn,9
9,22,1467,targOff,9
9,23,1258,dotRemoved,9
9,23,1663,targOn,9
9,23,1717,targOff,9
9,25,1259,dotRemoved,9
9,25,1591,targOn,9
9,25,1634,targOff,9
9,27,920,dotRemoved,9
9,27,1248,targOn,9
9,27,1313,targOff,9
9,29,1256,dotRemoved,9
9,29,1586,targOn,9
9,29,1631,targOff,9
9,30,1176,dotRemoved,9
9,30,1575,targOn,9
9,30,1618,targOff,9
9,31,1009,dotRemoved,9
9,31,1338,targOn,9
9,31,1384,targOff,9
9,33,839,dotRemoved,9
9,33,1250,targOn,9
9,33,1298,targOff,9
9,35,1092,dotRemoved,9
9,35,1418,targOn,9
9,35,1467,targOff,9
9,36,1087,dotRemoved,9
9,36,1489,targOn,9
9,36,1546,targOff,9
9,1,1001,dotRemoved,10
9,1,1345,targOn,10
9,1,1401,targOff,10
9,2,1001,dotRemoved,10
9,2,1336,targOn,10
9,2,1383,targOff,10
9,3,1001,dotRemoved,10
9,3,1337,targOn,10
9,3,1384,targOff,10
9,5,1167,dotRemoved,10
9,5,1497,targOn,10
9,5,1550,targOff,10
9,8,918,dotRemoved,10
9,8,1249,targOn,10
9,8,1300,targOff,10
9,9,917,dotRemoved,10
9,9,1248,targOn,10
9,9,1300,targOff,10
9,10,834,dotRemoved,10
9,10,1164,targOn,10
9,10,1217,targOff,10
9,12,1167,dotRemoved,10
9,12,1499,targOn,10
9,12,1550,targOff,10
9,13,1251,dotRemoved,10
9,13,1582,targOn,10
9,13,1634,targOff,10
9,16,1000,dotRemoved,10
9,16,1328,targOn,10
9,16,1383,targOff,10
9,18,1168,dotRemoved,10
9,18,1495,targOn,10
9,18,1551,targOff,10
9,19,834,dotRemoved,10
9,19,1168,targOn,10
9,19,1217,targOff,10
9,20,1250,dotRemoved,10
9,20,1577,targOn,10
9,20,1633,targOff,10
9,21,1167,dotRemoved,10
9,21,1493,targOn,10
9,21,1550,targOff,10
9,22,834,dotRemoved,10
9,22,1161,targOn,10
9,22,1217,targOff,10
9,23,1251,dotRemoved,10
9,23,1581,targOn,10
9,23,1634,targOff,10
9,24,917,dotRemoved,10
9,24,1271,targOn,10
9,24,1317,targOff,10
9,25,832,dotRemoved,10
9,25,1154,targOn,10
9,25,1198,targOff,10
9,27,1251,dotRemoved,10
9,27,1572,targOn,10
9,27,1617,targOff,10
9,28,917,dotRemoved,10
9,28,1260,targOn,10
9,28,1316,targOff,10
9,29,917,dotRemoved,10
9,29,1249,targOn,10
9,29,1300,targOff,10
9,30,917,dotRemoved,10
9,30,1246,targOn,10
9,30,1300,targOff,10
9,31,1250,dotRemoved,10
9,31,1576,targOn,10
9,31,1616,targOff,10
9,32,1250,dotRemoved,10
9,32,1594,targOn,10
9,32,1650,targOff,10
9,33,1167,dotRemoved,10
9,33,1495,targOn,10
9,33,1550,targOff,10
9,35,1251,dotRemoved,10
9,35,1577,targOn,10
9,35,1634,targOff,10
9,36,1084,dotRemoved,10
9,36,1413,targOn,10
9,36,1467,targOff,10
9,1,925,dotRemoved,11
9,1,1269,targOn,11
9,1,1317,targOff,11
9,2,1258,dotRemoved,11
9,2,3168,targOn,11
9,2,3217,targOff,11
9,3,1176,dotRemoved,11
9,3,3079,targOn,11
9,3,3134,targOff,11
9,4,1092,dotRemoved,11
9,4,2998,targOn,11
9,4,3050,targOff,11
9,5,1259,dotRemoved,11
9,5,1745,targOn,11
9,5,1800,targOff,11
9,6,1008,dotRemoved,11
9,6,1421,targOn,11
9,6,1467,targOff,11
9,7,1259,dotRemoved,11
9,7,1593,targOn,11
9,7,1634,targOff,11
9,8,1175,dotRemoved,11
9,8,1581,targOn,11
9,8,1634,targOff,11
9,9,1174,dotRemoved,11
9,9,1506,targOn,11
9,9,1549,targOff,11
9,10,1005,dotRemoved,11
9,10,1356,targOn,11
9,10,1397,targOff,11
9,11,1088,dotRemoved,11
9,11,1423,targOn,11
9,11,1479,targOff,11
9,13,925,dotRemoved,11
9,13,1338,targOn,11
9,13,1383,targOff,11
9,14,925,dotRemoved,11
9,14,1268,targOn,11
9,14,1316,targOff,11
9,16,842,dotRemoved,11
9,16,1248,targOn,11
9,16,1300,targOff,11
9,17,922,dotRemoved,11
9,17,1413,targOn,11
9,17,1464,targOff,11
9,18,1259,dotRemoved,11
9,18,1668,targOn,11
9,18,1717,targOff,11
9,19,841,dotRemoved,11
9,19,1173,targOn,11
9,19,1216,targOff,11
9,20,1009,dotRemoved,11
9,20,1434,targOn,11
9,20,1484,targOff,11
9,21,925,dotRemoved,11
9,21,1415,targOn,11
9,21,1466,targOff,11
9,22,1091,dotRemoved,11
9,22,1498,targOn,11
9,22,1550,targOff,11
9,23,1088,dotRemoved,11
9,23,1452,targOn,11
9,23,1496,targOff,11
9,24,1175,dotRemoved,11
9,24,1505,targOn,11
9,24,1550,targOff,11
9,25,1258,dotRemoved,11
9,25,1670,targOn,11
9,25,1717,targOff,11
9,26,1258,dotRemoved,11
9,26,1662,targOn,11
9,26,1716,targOff,11
9,27,1092,dotRemoved,11
9,27,1508,targOn,11
9,27,1550,targOff,11
9,28,1254,dotRemoved,11
9,28,1582,targOn,11
9,28,1629,targOff,11
9,29,1009,dotRemoved,11
9,29,1426,targOn,11
9,29,1467,targOff,11
9,30,838,dotRemoved,11
9,30,1243,targOn,11
9,30,1297,targOff,11
9,31,1091,dotRemoved,11
9,31,1493,targOn,11
9,31,1550,targOff,11
9,32,926,dotRemoved,11
9,32,1267,targOn,11
9,32,1318,targOff,11
9,33,1091,dotRemoved,11
9,33,1423,targOn,11
9,33,1466,targOff,11
9,36,1175,dotRemoved,11
9,36,1502,targOn,11
9,36,1550,targOff,11
9,1,917,dotRemoved,12
9,1,1250,targOn,12
9,1,1300,targOff,12
9,2,833,dotRemoved,12
9,2,1168,targOn,12
9,2,1216,targOff,12
9,3,917,dotRemoved,12
9,3,1260,targOn,12
9,3,1316,targOff,12
9,4,917,dotRemoved,12
9,4,1254,targOn,12
9,4,1333,targOff,12
9,5,917,dotRemoved,12
9,5,1253,targOn,12
9,5,1300,targOff,12
9,6,1167,dotRemoved,12
9,6,1499,targOn,12
9,6,1550,targOff,12
9,8,1251,dotRemoved,12
9,8,1585,targOn,12
9,8,1634,targOff,12
9,9,1250,dotRemoved,12
9,9,1591,targOn,12
9,9,1633,targOff,12
9,10,1167,dotRemoved,12
9,10,1496,targOn,12
9,10,1550,targOff,12
9,12,918,dotRemoved,12
9,12,1256,targOn,12
9,12,1300,targOff,12
9,13,1012,dotRemoved,12
9,13,1355,targOn,12
9,13,1412,targOff,12
9,15,834,dotRemoved,12
9,15,1166,targOn,12
9,15,1217,targOff,12
9,17,917,dotRemoved,12
9,17,1243,targOn,12
9,17,1300,targOff,12
9,19,1084,dotRemoved,12
9,19,1410,targOn,12
9,19,1450,targOff,12
9,20,917,dotRemoved,12
9,20,1245,targOn,12
9,20,1300,targOff,12
9,21,1251,dotRemoved,12
9,21,1574,targOn,12
9,21,1617,targOff,12
9,22,1167,dotRemoved,12
9,22,1492,targOn,12
9,22,1533,targOff,12
9,23,1167,dotRemoved,12
9,23,1496,targOn,12
9,23,1550,targOff,12
9,24,918,dotRemoved,12
9,24,1247,targOn,12
9,24,1301,targOff,12
9,25,1000,dotRemoved,12
9,25,1334,targOn,12
9,25,1383,targOff,12
9,27,1168,dotRemoved,12
9,27,1499,targOn,12
9,27,1551,targOff,12
9,28,1001,dotRemoved,12
9,28,1334,targOn,12
9,28,1384,targOff,12
9,29,1084,dotRemoved,12
9,29,1427,targOn,12
9,29,1483,targOff,12
9,30,1251,dotRemoved,12
9,30,1598,targOn,12
9,30,1650,targOff,12
9,32,1000,dotRemoved,12
9,32,1325,targOn,12
9,32,1366,targOff,12
9,33,917,dotRemoved,12
9,33,1253,targOn,12
9,33,1300,targOff,12
9,34,1167,dotRemoved,12
9,34,1498,targOn,12
9,34,1550,targOff,12
9,35,1250,dotRemoved,12
9,35,1580,targOn,12
9,35,1633,targOff,12
9,36,1167,dotRemoved,12
9,36,1496,targOn,12
9,36,1550,targOff,12
9,1,925,dotRemoved,13
9,1,1262,targOn,13
9,1,1317,targOff,13
9,2,1258,dotRemoved,13
9,2,1610,targOn,13
9,2,1667,targOff,13
9,4,1009,dotRemoved,13
9,4,1340,targOn,13
9,4,1384,targOff,13
9,5,842,dotRemoved,13
9,5,1177,targOn,13
9,5,1234,targOff,13
9,6,1092,dotRemoved,13
9,6,1434,targOn,13
9,6,1484,targOff,13
9,8,1005,dotRemoved,13
9,8,1339,targOn,13
9,8,1380,targOff,13
9,9,842,dotRemoved,13
9,9,1195,targOn,13
9,9,1251,targOff,13
9,10,1092,dotRemoved,13
9,10,1423,targOn,13
9,10,1466,targOff,13
9,11,1009,dotRemoved,13
9,11,2914,targOn,13
9,11,2967,targOff,13
9,13,1009,dotRemoved,13
9,13,1581,targOn,13
9,13,1634,targOff,13
9,15,1175,dotRemoved,13
9,15,1668,targOn,13
9,15,1717,targOff,13
9,16,1009,dotRemoved,13
9,16,1418,targOn,13
9,16,1467,targOff,13
9,17,1008,dotRemoved,13
9,17,1416,targOn,13
9,17,1466,targOff,13
9,18,842,dotRemoved,13
9,18,1169,targOn,13
9,18,1217,targOff,13
9,19,841,dotRemoved,13
9,19,1173,targOn,13
9,19,1215,targOff,13
9,20,840,dotRemoved,13
9,20,1250,targOn,13
9,20,1298,targOff,13
9,21,926,dotRemoved,13
9,21,1265,targOn,13
9,21,1317,targOff,13
9,22,839,dotRemoved,13
9,22,1248,targOn,13
9,22,1298,targOff,13
9,23,925,dotRemoved,13
9,23,1259,targOn,13
9,23,1316,targOff,13
9,25,1258,dotRemoved,13
9,25,1593,targOn,13
9,25,1650,targOff,13
9,26,841,dotRemoved,13
9,26,1188,targOn,13
9,26,1233,targOff,13
9,27,1007,dotRemoved,13
9,27,1337,targOn,13
9,27,1382,targOff,13
9,28,838,dotRemoved,13
9,28,1245,targOn,13
9,28,1296,targOff,13
9,29,1009,dotRemoved,13
9,29,1349,targOn,13
9,29,1401,targOff,13
9,31,1255,dotRemoved,13
9,31,1590,targOn,13
9,31,1646,targOff,13
9,33,1260,dotRemoved,13
9,33,1602,targOn,13
9,33,1650,targOff,13
9,34,1172,dotRemoved,13
9,34,1504,targOn,13
9,34,1547,targOff,13
9,35,842,dotRemoved,13
9,35,1179,targOn,13
9,35,1233,targOff,13
9,36,840,dotRemoved,13
9,36,1173,targOn,13
9,36,1215,targOff,13
9,1,1001,dotRemoved,14
9,1,1353,targOn,14
9,1,1400,targOff,14
9,2,1167,dotRemoved,14
9,2,1518,targOn,14
9,2,1566,targOff,14
9,3,1250,dotRemoved,14
9,3,1578,targOn,14
9,3,1633,targOff,14
9,4,1000,dotRemoved,14
9,4,1332,targOn,14
9,4,1383,targOff,14
9,5,1000,dotRemoved,14
9,5,1333,targOn,14
9,5,1383,targOff,14
9,6,1167,dotRemoved,14
9,6,1507,targOn,14
9,6,1550,targOff,14
9,7,1000,dotRemoved,14
9,7,1332,targOn,14
9,7,1383,targOff,14
9,8,1167,dotRemoved,14
9,8,1514,targOn,14
9,8,1566,targOff,14
9,10,1167,dotRemoved,14
9,10,1500,targOn,14
9,10,1550,targOff,14
9,11,1084,dotRemoved,14
9,11,1427,targOn,14
9,11,1484,targOff,14
9,12,1001,dotRemoved,14
9,12,1341,targOn,14
9,12,1400,targOff,14
9,13,1166,dotRemoved,14
9,13,1513,targOn,14
9,13,1565,targOff,14
9,14,1250,dotRemoved,14
9,14,1599,targOn,14
9,14,1650,targOff,14
9,16,1001,dotRemoved,14
9,16,1349,targOn,14
9,16,1401,targOff,14
9,17,917,dotRemoved,14
9,17,1252,targOn,14
9,17,1300,targOff,14
9,18,1167,dotRemoved,14
9,18,1504,targOn,14
9,18,1550,targOff,14
9,19,1251,dotRemoved,14
9,19,1596,targOn,14
9,19,1651,targOff,14
9,20,1084,dotRemoved,14
9,20,1437,targOn,14
9,20,1484,targOff,14
9,22,1167,dotRemoved,14
9,22,1503,targOn,14
9,22,1550,targOff,14
9,23,1250,dotRemoved,14
9,23,1602,targOn,14
9,23,1650,targOff,14
9,24,1167,dotRemoved,14
9,24,1503,targOn,14
9,24,1550,targOff,14
9,25,1084,dotRemoved,14
9,25,1418,targOn,14
9,25,1467,targOff,14
9,26,1085,dotRemoved,14
9,26,1418,targOn,14
9,26,1468,targOff,14
9,27,917,dotRemoved,14
9,27,1253,targOn,14
9,27,1300,targOff,14
9,28,834,dotRemoved,14
9,28,1189,targOn,14
9,28,1250,targOff,14
9,30,918,dotRemoved,14
9,30,1246,targOn,14
9,30,1301,targOff,14
9,31,1000,dotRemoved,14
9,31,1337,targOn,14
9,31,1383,targOff,14
9,32,1000,dotRemoved,14
9,32,1335,targOn,14
9,32,1383,targOff,14
9,33,1168,dotRemoved,14
9,33,1502,targOn,14
9,33,1551,targOff,14
9,34,834,dotRemoved,14
9,34,1192,targOn,14
9,34,1234,targOff,14
9,36,917,dotRemoved,14
9,36,1253,targOn,14
9,36,1300,targOff,14
9,1,1175,dotRemoved,15
9,1,1513,targOn,15
9,1,1567,targOff,15
9,2,1172,dotRemoved,15
9,2,1500,targOn,15
9,2,1547,targOff,15
9,3,1092,dotRemoved,15
9,3,1425,targOn,15
9,3,1467,targOff,15
9,4,1092,dotRemoved,15
9,4,1426,targOn,15
9,4,1467,targOff,15
9,6,1176,dotRemoved,15
9,6,1510,targOn,15
9,6,1551,targOff,15
9,7,842,dotRemoved,15
9,7,1176,targOn,15
9,7,1217,targOff,15
9,8,1008,dotRemoved,15
9,8,1342,targOn,15
9,8,1383,targOff,15
9,9,925,dotRemoved,15
9,9,1260,targOn,15
9,9,1317,targOff,15
9,10,925,dotRemoved,15
9,10,1260,targOn,15
9,10,1317,targOff,15
9,11,1091,dotRemoved,15
9,11,1429,targOn,15
9,11,1483,targOff,15
9,12,1259,dotRemoved,15
9,12,1598,targOn,15
9,12,1651,targOff,15
9,13,1175,dotRemoved,15
9,13,1514,targOn,15
9,13,1567,targOff,15
9,14,839,dotRemoved,15
9,14,1176,targOn,15
9,14,1230,targOff,15
9,15,1176,dotRemoved,15
9,15,1511,targOn,15
9,15,1567,targOff,15
9,17,1254,dotRemoved,15
9,17,1587,targOn,15
9,17,1629,targOff,15
9,18,1092,dotRemoved,15
9,18,1424,targOn,15
9,18,1467,targOff,15
9,20,921,dotRemoved,15
9,20,1250,targOn,15
9,20,1296,targOff,15
9,21,1255,dotRemoved,15
9,21,1590,targOn,15
9,21,1647,targOff,15
9,22,842,dotRemoved,15
9,22,1177,targOn,15
9,22,1233,targOff,15
9,23,842,dotRemoved,15
9,23,1173,targOn,15
9,23,1217,targOff,15
9,24,1093,dotRemoved,15
9,24,1425,targOn,15
9,24,1467,targOff,15
9,26,843,dotRemoved,15
9,26,1176,targOn,15
9,26,1218,targOff,15
9,28,926,dotRemoved,15
9,28,1264,targOn,15
9,28,1317,targOff,15
9,29,922,dotRemoved,15
9,29,1255,targOn,15
9,29,1297,targOff,15
9,30,1092,dotRemoved,15
9,30,1427,targOn,15
9,30,1483,targOff,15
9,31,839,dotRemoved,15
9,31,1173,targOn,15
9,31,1230,targOff,15
9,32,1009,dotRemoved,15
9,32,2936,targOn,15
9,32,2984,targOff,15
9,33,925,dotRemoved,15
9,33,1433,targOn,15
9,33,1484,targOff,15
9,35,1175,dotRemoved,15
9,35,1586,targOn,15
9,35,1634,targOff,15
9,36,927,dotRemoved,15
9,36,1259,targOn,15
9,36,1301,targOff,15
9,1,1251,dotRemoved,16
9,1,1586,targOn,16
9,1,1634,targOff,16
9,2,1251,dotRemoved,16
9,2,1586,targOn,16
9,2,1633,targOff,16
9,3,1167,dotRemoved,16
9,3,1500,targOn,16
9,3,1550,targOff,16
9,5,1251,dotRemoved,16
9,5,1587,targOn,16
9,5,1634,targOff,16
9,6,917,dotRemoved,16
9,6,1254,targOn,16
9,6,1300,targOff,16
9,7,1251,dotRemoved,16
9,7,1581,targOn,16
9,7,1633,targOff,16
9,8,1001,dotRemoved,16
9,8,1344,targOn,16
9,8,1401,targOff,16
9,10,1251,dotRemoved,16
9,10,1591,targOn,16
9,10,1634,targOff,16
9,12,1251,dotRemoved,16
9,12,1584,targOn,16
9,12,1634,targOff,16
9,13,1167,dotRemoved,16
9,13,1501,targOn,16
9,13,1550,targOff,16
9,14,833,dotRemoved,16
9,14,1169,targOn,16
9,14,1216,targOff,16
9,15,1167,dotRemoved,16
9,15,1504,targOn,16
9,15,1550,targOff,16
9,16,1167,dotRemoved,16
9,16,1507,targOn,16
9,16,1567,targOff,16
9,17,1001,dotRemoved,16
9,17,1340,targOn,16
9,17,1384,targOff,16
9,19,1001,dotRemoved,16
9,19,1343,targOn,16
9,19,1384,targOff,16
9,20,1168,dotRemoved,16
9,20,1506,targOn,16
9,20,1551,targOff,16
9,21,1251,dotRemoved,16
9,21,1585,targOn,16
9,21,1634,targOff,16
9,22,1084,dotRemoved,16
9,22,1417,targOn,16
9,22,1467,targOff,16
9,23,1167,dotRemoved,16
9,23,1504,targOn,16
9,23,1552,targOff,16
9,24,1251,dotRemoved,16
9,24,1581,targOn,16
9,24,1634,targOff,16
9,25,834,dotRemoved,16
9,25,1168,targOn,16
9,25,1217,targOff,16
9,26,1251,dotRemoved,16
9,26,1581,targOn,16
9,26,1634,targOff,16
9,27,1084,dotRemoved,16
9,27,1444,targOn,16
9,27,1501,targOff,16
9,28,1168,dotRemoved,16
9,28,1516,targOn,16
9,28,1567,targOff,16
9,30,834,dotRemoved,16
9,30,1165,targOn,16
9,30,1217,targOff,16
9,31,1084,dotRemoved,16
9,31,1416,targOn,16
9,31,1467,targOff,16
9,32,1251,dotRemoved,16
9,32,1584,targOn,16
9,32,1634,targOff,16
9,33,917,dotRemoved,16
9,33,1248,targOn,16
9,33,1300,targOff,16
9,35,917,dotRemoved,16
9,35,1248,targOn,16
9,35,1300,targOff,16
9,36,1000,dotRemoved,16
9,36,1333,targOn,16
9,36,1383,targOff,16
